{"cameraMode":{"drawMode":0,"name":"Shaded","section":"Shading Mode"},"sceneLighting":false,"audioPlay":false,"sceneViewState":{"m_AlwaysRefresh":false,"showFog":true,"showSkybox":false,"showFlares":true,"showImageEffects":true,"showParticleSystems":true,"showVisualEffectGraphs":true,"m_FxEnabled":true},"in2DMode":false,"pivot":{"x":12.220000267028809,"y":2.0299999713897707,"z":16.649999618530275},"rotation":{"x":-0.10582606494426727,"y":-0.8837419152259827,"z":0.24202559888362885,"w":-0.3864228129386902},"size":0.983259916305542,"orthographic":false}